{"cameraMode":{"drawMode":0,"name":"Shaded","section":"Shading Mode"},"sceneLighting":true,"audioPlay":false,"sceneViewState":{"m_AlwaysRefresh":false,"showFog":true,"showSkybox":true,"showFlares":true,"showImageEffects":true,"showParticleSystems":true,"showVisualEffectGraphs":true,"m_FxEnabled":true},"in2DMode":false,"pivot":{"x":1223.5284423828125,"y":496.9407958984375,"z":-2.191070556640625},"rotation":{"x":0.01830943301320076,"y":0.0056635537184774879,"z":-0.0006383362924680114,"w":1.0000232458114625},"size":593.4085083007813,"orthographic":false}